{
    "constraint_solving": {
        "SC": 85.0,
        "SCP": 30.0,
        "SBC": 86.66666666666667,
        "judge_result": "划分结果1的服务划分更合理，建议采用",
        "ISDD": 0.09613381891680378,
        "SDE": 0.5310878718158755,
        "SSB": 0.6731869794688008,
        "R_nano": 0.0,
        "R_mega": 0.0,
        "SII": 0.4932313351563532,
        "ICP": 0.695364238410596,
        "Modularity": 0.31586333932722244,
        "SCDR": 0.7142857142857143
    },
    "mono2micro": {
        "SC": 70.0,
        "SCP": 45.0,
        "SBC": 65.0,
        "judge_result": "划分结果2存在部分服务职责混杂，不建议采用",
        "ISDD": 0.1471451384494863,
        "SDE": 0.10169236847541352,
        "SSB": 0.7564751728375175,
        "R_nano": 0.2857142857142857,
        "R_mega": 0.0,
        "SII": 0.6200471631506115,
        "ICP": 0.695364238410596,
        "Modularity": 0.3579228981185035,
        "SCDR": 0.5714285714285714
    }
}